SEASON,TEAM,VENUE,TOTAL_SHOTS_TAKE,TOTAL_SHOTS_TARGET,TOTAL_GOALS,ON_TARGET_RATIO,SHOT_CONVERSION_RATE,AVG_POSSESSION,POSSESSION_EFFECTIVENESS
2021,Atalanta,Home,323,105,49,3.08,0.15,56.74,0.05
2021,Atalanta,Away,291,116,41,2.51,0.14,52.47,0.04
2021,Benevento,Home,204,70,19,2.91,0.09,42.58,0.02
2021,Benevento,Away,207,58,21,3.57,0.1,42.63,0.03
2021,Bologna,Away,251,85,18,2.95,0.07,51.21,0.02
2021,Bologna,Home,244,90,33,2.71,0.14,50.32,0.03
2021,Cagliari,Home,246,66,22,3.73,0.09,45.95,0.03
2021,Cagliari,Away,183,56,21,3.27,0.11,43.58,0.03
2021,Crotone,Away,166,51,22,3.25,0.13,46.47,0.02
2021,Crotone,Home,187,60,23,3.12,0.12,46.05,0.03
2021,Fiorentina,Home,209,60,25,3.48,0.12,45.74,0.03
2021,Fiorentina,Away,157,55,22,2.85,0.14,46.84,0.02
2021,Genoa,Home,185,67,29,2.76,0.16,45.16,0.03
2021,Genoa,Away,153,53,18,2.89,0.12,44.53,0.02
2021,Hellas Verona,Home,228,70,23,3.26,0.1,49.74,0.02
2021,Hellas Verona,Away,172,48,23,3.58,0.13,49.26,0.02
2021,Internazionale,Home,262,103,53,2.54,0.2,50.05,0.06
2021,Internazionale,Away,281,91,36,3.09,0.13,54.89,0.03
2021,Juventus,Away,257,90,37,2.86,0.14,56.84,0.03
2021,Juventus,Home,328,116,40,2.83,0.12,57,0.04
2021,Lazio,Home,266,98,36,2.71,0.14,52.53,0.04
2021,Lazio,Away,248,77,25,3.22,0.1,53.47,0.02
2021,Milan,Home,321,103,31,3.12,0.1,54.42,0.03
2021,Milan,Away,216,81,43,2.67,0.2,48.95,0.05
2021,Napoli,Away,321,100,36,3.21,0.11,55.84,0.03
2021,Napoli,Home,316,117,50,2.7,0.16,54.32,0.05
2021,Parma,Home,222,69,16,3.22,0.07,48.42,0.02
2021,Parma,Away,170,54,23,3.15,0.14,47.16,0.03
2021,Roma,Home,292,101,42,2.89,0.14,52.37,0.04
2021,Roma,Away,245,90,26,2.72,0.11,52.53,0.03
2021,Sampdoria,Home,216,74,32,2.92,0.15,46.37,0.04
2021,Sampdoria,Away,206,60,20,3.43,0.1,44.05,0.02
2021,Sassuolo,Away,249,84,33,2.96,0.13,58.79,0.03
2021,Sassuolo,Home,267,80,31,3.34,0.12,61.79,0.03
2021,Spezia,Away,178,60,24,2.97,0.13,51.74,0.02
2021,Spezia,Home,204,70,28,2.91,0.14,52,0.03
2021,Torino,Away,217,65,25,3.34,0.12,45.89,0.03
2021,Torino,Home,240,79,25,3.04,0.1,48.74,0.03
2021,Udinese,Home,218,66,14,3.3,0.06,46.47,0.02
2021,Udinese,Away,192,59,28,3.25,0.15,46.11,0.03
2022,Atalanta,Away,272,78,34,3.49,0.13,53.58,0.03
2022,Atalanta,Home,326,89,31,3.66,0.1,56.37,0.03
2022,Bologna,Home,225,69,25,3.26,0.11,51.95,0.03
2022,Bologna,Away,209,74,19,2.82,0.09,49.26,0.02
2022,Cagliari,Home,226,61,20,3.7,0.09,46.58,0.02
2022,Cagliari,Away,194,56,14,3.46,0.07,42.37,0.02
2022,Empoli,Away,216,67,22,3.22,0.1,46.11,0.03
2022,Empoli,Home,274,84,28,3.26,0.1,48.68,0.03
2022,Fiorentina,Away,211,59,21,3.58,0.1,56.32,0.02
2022,Fiorentina,Home,290,113,38,2.57,0.13,59.11,0.03
2022,Genoa,Away,177,50,13,3.54,0.07,42.89,0.02
2022,Genoa,Home,220,56,14,3.93,0.06,44.95,0.02
2022,Hellas Verona,Away,215,68,31,3.16,0.14,50.26,0.03
2022,Hellas Verona,Home,240,84,34,2.86,0.14,50.89,0.04
2022,Internazionale,Home,373,147,48,2.54,0.13,56.16,0.04
2022,Internazionale,Away,294,92,36,3.2,0.12,56.84,0.03
2022,Juventus,Away,238,82,32,2.9,0.13,50.32,0.03
2022,Juventus,Home,279,84,25,3.32,0.09,52.74,0.02
2022,Lazio,Home,256,98,42,2.61,0.16,56.42,0.04
2022,Lazio,Away,189,87,35,2.17,0.19,54.32,0.03
2022,Milan,Home,302,82,28,3.68,0.09,53.74,0.03
2022,Milan,Away,290,105,41,2.76,0.14,54.32,0.04
2022,Napoli,Away,239,88,37,2.72,0.15,56.42,0.03
2022,Napoli,Home,326,98,37,3.33,0.11,60.26,0.03
2022,Roma,Home,307,94,26,3.27,0.08,49.63,0.03
2022,Roma,Away,285,90,33,3.17,0.12,53.11,0.03
2022,Salernitana,Home,226,60,17,3.77,0.08,43.58,0.02
2022,Salernitana,Away,200,70,16,2.86,0.08,38.84,0.02
2022,Sampdoria,Away,173,53,17,3.26,0.1,45.95,0.02
2022,Sampdoria,Home,213,65,29,3.28,0.14,46.32,0.03
2022,Sassuolo,Home,294,102,27,2.88,0.09,57.11,0.02
2022,Sassuolo,Away,275,102,37,2.7,0.13,52.68,0.04
2022,Spezia,Home,202,62,21,3.26,0.1,40.42,0.03
2022,Spezia,Away,179,65,20,2.75,0.11,45.05,0.02
2022,Torino,Away,201,59,17,3.41,0.08,54.42,0.02
2022,Torino,Home,269,83,29,3.24,0.11,52.11,0.03
2022,Udinese,Home,253,85,31,2.98,0.12,43.11,0.04
2022,Udinese,Away,252,96,30,2.63,0.12,42.26,0.04
2022,Venezia,Away,154,54,13,2.85,0.08,41.21,0.02
2022,Venezia,Home,195,59,21,3.31,0.11,43.37,0.03
2023,Atalanta,Home,295,97,38,3.04,0.13,52.16,0.04
2023,Atalanta,Away,211,71,28,2.97,0.13,47.74,0.03
2023,Bologna,Home,245,79,24,3.1,0.1,54.32,0.02
2023,Bologna,Away,234,71,29,3.3,0.12,55.16,0.03
2023,Cremonese,Home,237,60,15,3.95,0.06,42.16,0.02
2023,Cremonese,Away,221,62,21,3.56,0.1,42.05,0.03
2023,Empoli,Away,191,56,15,3.41,0.08,47.58,0.02
2023,Empoli,Home,256,73,22,3.51,0.09,46.95,0.02
2023,Fiorentina,Away,253,70,23,3.61,0.09,54.05,0.02
2023,Fiorentina,Home,344,101,30,3.41,0.09,58.16,0.03
2023,Hellas Verona,Home,225,68,20,3.31,0.09,39.63,0.03
2023,Hellas Verona,Away,199,53,14,3.75,0.07,42.25,0.02
2023,Internazionale,Home,308,94,37,3.28,0.12,56.11,0.03
2023,Internazionale,Away,317,103,34,3.08,0.11,55.37,0.03
2023,Juventus,Away,240,76,18,3.16,0.08,49.79,0.02
2023,Juventus,Home,289,95,38,3.04,0.13,49.32,0.04
2023,Lazio,Home,232,88,32,2.64,0.14,53.79,0.03
2023,Lazio,Away,198,73,28,2.71,0.14,50.42,0.03
2023,Lecce,Home,238,57,18,4.18,0.08,42.79,0.02
2023,Lecce,Away,174,49,15,3.55,0.09,39.79,0.02
2023,Milan,Home,300,92,41,3.26,0.14,56.95,0.04
2023,Milan,Away,246,86,23,2.86,0.09,54.21,0.02
2023,Monza,Home,223,72,25,3.1,0.11,57.58,0.02
2023,Monza,Away,183,67,23,2.73,0.13,52.84,0.02
2023,Napoli,Away,264,98,37,2.69,0.14,60.53,0.03
2023,Napoli,Home,341,114,40,2.99,0.12,63,0.03
2023,Roma,Home,279,91,28,3.07,0.1,49.68,0.03
2023,Roma,Away,209,64,22,3.27,0.11,47.47,0.02
2023,Salernitana,Away,178,53,18,3.36,0.1,44.89,0.02
2023,Salernitana,Home,203,62,30,3.27,0.15,44.95,0.04
2023,Sampdoria,Away,185,69,12,2.68,0.06,44.47,0.01
2023,Sampdoria,Home,191,45,12,4.24,0.06,47.79,0.01
2023,Sassuolo,Home,224,74,24,3.03,0.11,48.47,0.03
2023,Sassuolo,Away,253,87,23,2.91,0.09,49.89,0.02
2023,Spezia,Away,206,56,13,3.68,0.06,46.89,0.01
2023,Spezia,Home,229,72,19,3.18,0.08,48.95,0.02
2023,Torino,Away,222,74,27,3,0.12,50.58,0.03
2023,Torino,Home,222,72,15,3.08,0.07,55.74,0.01
2023,Udinese,Away,220,60,17,3.67,0.08,49.37,0.02
2023,Udinese,Home,283,85,30,3.33,0.11,46.63,0.03
2024,Atalanta,Home,317,119,42,2.66,0.13,52.42,0.04
2024,Atalanta,Away,222,78,30,2.85,0.14,49.63,0.03
2024,Bologna,Away,207,74,21,2.8,0.1,56.37,0.02
2024,Bologna,Home,265,85,33,3.12,0.12,59.89,0.03
2024,Cagliari,Away,190,53,14,3.58,0.07,42.58,0.02
2024,Cagliari,Home,252,74,28,3.41,0.11,41.58,0.04
2024,Empoli,Home,219,65,15,3.37,0.07,43.32,0.02
2024,Empoli,Away,194,47,14,4.13,0.07,44.63,0.02
2024,Fiorentina,Away,219,73,24,3,0.11,58.05,0.02
2024,Fiorentina,Home,296,98,37,3.02,0.13,56.74,0.03
2024,Frosinone,Home,246,85,28,2.89,0.11,50.63,0.03
2024,Frosinone,Away,214,62,16,3.45,0.07,48.74,0.02
2024,Genoa,Away,165,51,18,3.24,0.11,41.47,0.02
2024,Genoa,Home,232,68,27,3.41,0.12,46.63,0.03
2024,Hellas Verona,Away,201,58,15,3.47,0.07,44.37,0.02
2024,Hellas Verona,Home,234,88,23,2.66,0.1,44.42,0.03
2024,Internazionale,Home,328,109,44,3.01,0.13,58.11,0.04
2024,Internazionale,Away,252,87,45,2.9,0.18,56.05,0.04
2024,Juventus,Away,238,67,28,3.55,0.12,48,0.03
2024,Juventus,Home,293,79,26,3.71,0.09,49.05,0.03
2024,Lazio,Away,214,64,26,3.34,0.12,51.79,0.03
2024,Lazio,Home,222,71,23,3.13,0.1,54.84,0.02
2024,Lecce,Home,282,83,17,3.4,0.06,47.05,0.02
2024,Lecce,Away,221,64,15,3.45,0.07,42.68,0.02
2024,Milan,Home,285,106,38,2.69,0.13,55.53,0.04
2024,Milan,Away,269,96,38,2.8,0.14,58.32,0.03
2024,Monza,Home,249,63,23,3.95,0.09,55.32,0.02
2024,Monza,Away,202,60,16,3.37,0.08,51.63,0.02
2024,Napoli,Home,379,114,24,3.32,0.06,62.74,0.02
2024,Napoli,Away,259,82,31,3.16,0.12,59.16,0.03
2024,Roma,Away,211,69,27,3.06,0.13,56.84,0.03
2024,Roma,Home,253,73,38,3.47,0.15,53,0.04
2024,Salernitana,Away,181,52,15,3.48,0.08,43.47,0.02
2024,Salernitana,Home,217,66,17,3.29,0.08,45.53,0.02
2024,Sassuolo,Away,218,70,20,3.11,0.09,43.53,0.02
2024,Sassuolo,Home,235,74,23,3.18,0.1,44,0.03
2024,Torino,Away,205,55,18,3.73,0.09,50.58,0.02
2024,Torino,Home,227,66,18,3.44,0.08,52.68,0.02
2024,Udinese,Home,241,79,21,3.05,0.09,41.37,0.03
2024,Udinese,Away,216,55,16,3.93,0.07,37.32,0.02
2025,Atalanta,Home,277,94,36,2.95,0.13,57.74,0.03
2025,Atalanta,Away,261,87,42,3,0.16,52.79,0.04
2025,Bologna,Away,216,78,24,2.77,0.11,56.95,0.02
2025,Bologna,Home,289,88,33,3.28,0.11,59.32,0.03
2025,Cagliari,Away,162,45,16,3.6,0.1,44.21,0.02
2025,Cagliari,Home,259,70,24,3.7,0.09,45.63,0.03
2025,Como,Away,240,79,21,3.04,0.09,55.37,0.02
2025,Como,Home,279,97,28,2.88,0.1,53.74,0.03
2025,Empoli,Home,174,52,10,3.35,0.06,43.53,0.01
2025,Empoli,Away,193,55,23,3.51,0.12,39.89,0.03
2025,Fiorentina,Away,224,84,28,2.67,0.13,52.84,0.03
2025,Fiorentina,Home,205,76,29,2.7,0.14,49,0.03
2025,Genoa,Away,164,42,16,3.9,0.1,44.84,0.02
2025,Genoa,Home,219,75,21,2.92,0.1,46.42,0.02
2025,Hellas Verona,Home,207,50,15,4.14,0.07,41,0.02
2025,Hellas Verona,Away,165,45,19,3.67,0.12,36.37,0.03
2025,Internazionale,Home,309,93,40,3.32,0.13,60.68,0.03
2025,Internazionale,Away,245,84,39,2.92,0.16,58.06,0.04
2025,Juventus,Home,294,95,31,3.09,0.11,58.89,0.03
2025,Juventus,Away,215,80,27,2.69,0.13,55.53,0.03
2025,Lazio,Home,287,98,33,2.93,0.11,56.53,0.03
2025,Lazio,Away,241,87,28,2.77,0.12,53.63,0.03
2025,Lecce,Home,247,64,13,3.86,0.05,45.21,0.02
2025,Lecce,Away,203,55,14,3.69,0.07,42.47,0.02
2025,Milan,Away,261,95,31,2.75,0.12,53.74,0.03
2025,Milan,Home,294,90,30,3.27,0.1,54,0.03
2025,Monza,Away,134,44,15,3.05,0.11,47.11,0.02
2025,Monza,Home,199,55,13,3.62,0.07,49.89,0.01
2025,Napoli,Home,307,90,32,3.41,0.1,56.37,0.03
2025,Napoli,Away,192,60,27,3.2,0.14,52.84,0.03
2025,Parma,Away,203,69,19,2.94,0.09,44.84,0.02
2025,Parma,Home,215,71,25,3.03,0.12,43.47,0.03
2025,Roma,Home,273,87,37,3.14,0.14,54.58,0.04
2025,Roma,Away,241,75,19,3.21,0.08,53.21,0.02
2025,Torino,Away,177,65,22,2.72,0.12,46.32,0.03
2025,Torino,Home,206,58,17,3.55,0.08,48.74,0.02
2025,Udinese,Away,205,68,19,3.01,0.09,47.63,0.02
2025,Udinese,Home,225,69,22,3.26,0.1,46.84,0.02
2025,Venezia,Home,207,70,17,2.96,0.08,46.53,0.02
2025,Venezia,Away,174,50,15,3.48,0.09,43.63,0.02
