SEASON,TEAM,VENUE,TEAM_XG,TOTAL_GOAL_SCORED,XG_EFFICIENCY_RATIO,XG_GOAL_CONCEDED,GOAL_CONCEDED,CONCEDING_XG_EFFICIENCY_RATIO
2021,Atalanta,Away,36.8,41,1.11,20.1,23,1
2021,Atalanta,Home,37.7,49,1.3,20.9,24,1
2021,Benevento,Away,18,21,1.17,33.7,36,1
2021,Benevento,Home,22.4,19,0.85,30.2,39,1
2021,Bologna,Home,27.7,33,1.19,33.2,33,1
2021,Bologna,Away,26.9,18,0.67,29.3,32,1
2021,Cagliari,Home,25.1,22,0.88,30.7,32,1
2021,Cagliari,Away,22.1,21,0.95,30.9,27,1
2021,Crotone,Away,20.4,22,1.08,37.3,57,2
2021,Crotone,Home,20.1,23,1.14,33.6,35,1
2021,Fiorentina,Away,20.2,22,1.09,31.7,34,1
2021,Fiorentina,Home,25,25,1,29.8,25,1
2021,Genoa,Home,21.9,29,1.32,28.3,30,1
2021,Genoa,Away,16.7,18,1.08,31.9,28,1
2021,Hellas Verona,Home,25.5,23,0.9,21.8,23,1
2021,Hellas Verona,Away,20.1,23,1.14,27.5,25,1
2021,Internazionale,Home,36.7,53,1.44,21.7,18,1
2021,Internazionale,Away,37.5,36,0.96,18.3,17,1
2021,Juventus,Away,36.2,37,1.02,20.5,20,1
2021,Juventus,Home,38.1,40,1.05,18.7,18,1
2021,Lazio,Away,26.6,25,0.94,25.5,32,1
2021,Lazio,Home,31.7,36,1.14,21.7,23,1
2021,Milan,Home,35.4,31,0.88,22.7,24,1
2021,Milan,Away,35.3,43,1.22,24.4,17,1
2021,Napoli,Away,34,36,1.06,22,21,1
2021,Napoli,Home,33.8,50,1.48,20.6,20,1
2021,Parma,Away,18.5,23,1.24,30.8,44,1
2021,Parma,Home,23.8,16,0.67,30.2,39,1
2021,Roma,Home,37.7,42,1.11,19.5,18,1
2021,Roma,Away,27.7,26,0.94,26.2,40,2
2021,Sampdoria,Away,23.3,20,0.86,27.4,28,1
2021,Sampdoria,Home,22.2,32,1.44,28.8,26,1
2021,Sassuolo,Away,26.9,33,1.23,29.6,29,1
2021,Sassuolo,Home,31.4,31,0.99,26,27,1
2021,Spezia,Home,23.9,28,1.17,29,33,1
2021,Spezia,Away,22.8,24,1.05,35.8,39,1
2021,Torino,Away,23.1,25,1.08,33.6,33,1
2021,Torino,Home,26.7,25,0.94,28.7,36,1
2021,Udinese,Home,21.1,14,0.66,21.3,19,1
2021,Udinese,Away,24.3,28,1.15,31.4,39,1
2022,Atalanta,Away,30,34,1.13,21.3,19,1
2022,Atalanta,Home,32.3,31,0.96,24.1,29,1
2022,Bologna,Home,22.2,25,1.13,22,24,1
2022,Bologna,Away,22.5,19,0.84,30.6,31,1
2022,Cagliari,Away,16.3,14,0.86,34.2,35,1
2022,Cagliari,Home,22.4,20,0.89,26.9,33,1
2022,Empoli,Home,24.1,28,1.16,38.9,44,1
2022,Empoli,Away,20.9,22,1.05,26.9,26,1
2022,Fiorentina,Home,36.9,38,1.03,17.6,20,1
2022,Fiorentina,Away,23.1,21,0.91,23,31,1
2022,Genoa,Away,18.4,13,0.71,31.4,35,1
2022,Genoa,Home,18.9,14,0.74,22.9,25,1
2022,Hellas Verona,Home,24.7,34,1.38,22.2,25,1
2022,Hellas Verona,Away,25.7,31,1.21,26.5,34,1
2022,Internazionale,Home,45,48,1.07,17.9,16,1
2022,Internazionale,Away,36.4,36,0.99,21.2,16,1
2022,Juventus,Home,27.3,25,0.92,14.5,14,1
2022,Juventus,Away,24.3,32,1.32,23.5,23,1
2022,Lazio,Away,24.6,35,1.42,24.1,33,1
2022,Lazio,Home,30.6,42,1.37,23.6,25,1
2022,Milan,Away,31.3,41,1.31,20.5,19,1
2022,Milan,Home,28.6,28,0.98,15.2,12,1
2022,Napoli,Away,26.2,37,1.41,18.6,15,1
2022,Napoli,Home,31.9,37,1.16,14.1,16,1
2022,Roma,Away,33.6,33,0.98,21.2,27,1
2022,Roma,Home,31.6,26,0.82,16.9,16,1
2022,Salernitana,Home,18.7,17,0.91,30.6,39,1
2022,Salernitana,Away,17.5,16,0.91,34.7,39,1
2022,Sampdoria,Away,15.8,17,1.08,32.5,31,1
2022,Sampdoria,Home,20.9,29,1.39,23.5,32,1
2022,Sassuolo,Home,25.5,27,1.06,28.4,30,1
2022,Sassuolo,Away,30,37,1.23,38,36,1
2022,Spezia,Away,17.9,20,1.12,33.6,41,1
2022,Spezia,Home,22.2,21,0.95,30.6,30,1
2022,Torino,Away,21.3,17,0.8,18.6,20,1
2022,Torino,Home,27.4,29,1.06,20,21,1
2022,Udinese,Home,26.4,31,1.17,26.4,29,1
2022,Udinese,Away,25,30,1.2,26.3,29,1
2022,Venezia,Away,13.2,13,0.98,34.2,31,1
2022,Venezia,Home,23.3,21,0.9,37.7,38,1
2023,Atalanta,Home,32.5,38,1.17,17.8,26,1
2023,Atalanta,Away,25.1,28,1.12,23.6,22,1
2023,Bologna,Away,21.7,29,1.34,27.2,35,1
2023,Bologna,Home,21.9,24,1.1,21.6,14,1
2023,Cremonese,Home,19.3,15,0.78,34,31,1
2023,Cremonese,Away,19.8,21,1.06,32.2,38,1
2023,Empoli,Away,15.3,15,0.98,30.6,26,1
2023,Empoli,Home,23.4,22,0.94,27.5,23,1
2023,Fiorentina,Away,20.7,23,1.11,23.6,21,1
2023,Fiorentina,Home,34.1,30,0.88,20,22,1
2023,Hellas Verona,Away,16.4,14,0.85,24.8,28,1
2023,Hellas Verona,Home,20.2,20,0.99,27.1,32,1
2023,Internazionale,Away,33.8,34,1.01,21.3,28,1
2023,Internazionale,Home,34.4,37,1.08,15.2,14,1
2023,Juventus,Home,30.9,38,1.23,16.2,15,1
2023,Juventus,Away,24.5,18,0.73,25.2,18,1
2023,Lazio,Home,25,32,1.28,21.3,18,1
2023,Lazio,Away,26.1,28,1.07,19.9,12,1
2023,Lecce,Away,16,15,0.94,24.6,22,1
2023,Lecce,Home,20.4,18,0.88,18,24,1
2023,Milan,Home,33.2,41,1.23,18.5,20,1
2023,Milan,Away,25.6,23,0.9,22.4,23,1
2023,Monza,Home,26,25,0.96,22.3,22,1
2023,Monza,Away,20.1,23,1.14,29.1,30,1
2023,Napoli,Home,31.7,40,1.26,13.9,15,1
2023,Napoli,Away,33,37,1.12,18.1,13,1
2023,Roma,Home,30.1,28,0.93,17.2,15,1
2023,Roma,Away,27.3,22,0.81,15.2,23,2
2023,Salernitana,Away,16.6,18,1.08,34.9,36,1
2023,Salernitana,Home,20.4,30,1.47,32.3,26,1
2023,Sampdoria,Away,15.3,12,0.78,35.8,43,1
2023,Sampdoria,Home,18.9,12,0.63,30.5,28,1
2023,Sassuolo,Home,23.7,24,1.01,23.1,23,1
2023,Sassuolo,Away,28,23,0.82,26.8,38,1
2023,Spezia,Away,20.1,13,0.65,29.4,32,1
2023,Spezia,Home,23.5,19,0.81,30.9,33,1
2023,Torino,Home,19.7,15,0.76,16.7,19,1
2023,Torino,Away,22.3,27,1.21,23.2,22,1
2023,Udinese,Away,19.4,17,0.88,28.8,28,1
2023,Udinese,Home,27.4,30,1.09,23,20,1
2024,Atalanta,Home,36.8,42,1.14,20.2,16,1
2024,Atalanta,Away,20.9,30,1.44,21.2,26,1
2024,Bologna,Away,23.2,21,0.91,21.6,20,1
2024,Bologna,Home,24.7,33,1.34,15.5,12,1
2024,Cagliari,Away,15.9,14,0.88,31.7,36,1
2024,Cagliari,Home,27.7,28,1.01,22.7,32,1
2024,Empoli,Away,16,14,0.88,27.9,31,1
2024,Empoli,Home,20.2,15,0.74,25,23,1
2024,Fiorentina,Away,22.2,24,1.08,28.5,24,1
2024,Fiorentina,Home,29.3,37,1.26,19.7,22,1
2024,Frosinone,Home,23.6,28,1.19,26.8,32,1
2024,Frosinone,Away,22,16,0.73,30.9,37,1
2024,Genoa,Home,19.4,27,1.39,20.9,22,1
2024,Genoa,Away,16.3,18,1.1,21.8,23,1
2024,Hellas Verona,Away,17.9,15,0.84,24.1,25,1
2024,Hellas Verona,Home,19.7,23,1.17,24.5,26,1
2024,Internazionale,Away,35.7,45,1.26,16.6,11,1
2024,Internazionale,Home,42.4,44,1.04,14.6,11,1
2024,Juventus,Home,28.8,26,0.9,10.4,11,1
2024,Juventus,Away,25.7,28,1.09,19.9,20,1
2024,Lazio,Away,21.5,26,1.21,25.9,25,1
2024,Lazio,Home,25,23,0.92,16.1,14,1
2024,Lecce,Home,24,17,0.71,25,27,1
2024,Lecce,Away,19.3,15,0.78,28.5,27,1
2024,Milan,Home,34.4,38,1.1,20.8,17,1
2024,Milan,Away,31.8,38,1.19,24.5,32,1
2024,Monza,Away,18.4,16,0.87,29.1,25,1
2024,Monza,Home,20.9,23,1.1,27.6,26,1
2024,Napoli,Away,26.7,31,1.16,16.9,21,1
2024,Napoli,Home,35.2,24,0.68,21.6,27,1
2024,Roma,Home,26.8,38,1.42,14.2,19,1
2024,Roma,Away,24.8,27,1.09,27.2,27,1
2024,Salernitana,Home,16.6,17,1.02,33.8,38,1
2024,Salernitana,Away,13.7,15,1.09,40.7,43,1
2024,Sassuolo,Away,21,20,0.95,31.5,41,1
2024,Sassuolo,Home,19.1,23,1.2,30,34,1
2024,Torino,Home,21.2,18,0.85,14.4,9,1
2024,Torino,Away,16.6,18,1.08,23.2,27,1
2024,Udinese,Away,17.6,16,0.91,25.5,24,1
2024,Udinese,Home,21.4,21,0.98,23.4,29,1
2025,Atalanta,Away,35,42,1.2,19.9,13,1
2025,Atalanta,Home,30,36,1.2,18.5,24,1
2025,Bologna,Home,30,33,1.1,16.2,18,1
2025,Bologna,Away,18.9,24,1.27,20.8,29,1
2025,Cagliari,Away,19.2,16,0.83,30.1,28,1
2025,Cagliari,Home,23.6,24,1.02,24.8,28,1
2025,Como,Away,19.9,21,1.06,21.2,26,1
2025,Como,Home,25.6,28,1.09,21.8,26,1
2025,Empoli,Home,11.9,10,0.84,20.9,26,1
2025,Empoli,Away,20.7,23,1.11,29.2,33,1
2025,Fiorentina,Home,25.6,29,1.13,18,18,1
2025,Fiorentina,Away,22.1,28,1.27,24.5,23,1
2025,Genoa,Home,20.9,21,1,24.2,25,1
2025,Genoa,Away,16.4,16,0.98,23.1,24,1
2025,Hellas Verona,Away,14.6,19,1.3,28,30,1
2025,Hellas Verona,Home,19.1,15,0.79,25.4,36,1
2025,Internazionale,Home,34.2,40,1.17,19.3,21,1
2025,Internazionale,Away,32.3,39,1.21,16.1,11,1
2025,Juventus,Away,23.9,27,1.13,18.7,20,1
2025,Juventus,Home,27.1,31,1.14,15.3,15,1
2025,Lazio,Away,27.3,28,1.03,21.1,23,1
2025,Lazio,Home,30.1,33,1.1,16.4,26,2
2025,Lecce,Away,15.9,14,0.88,30.3,27,1
2025,Lecce,Home,18.9,13,0.69,26.6,31,1
2025,Milan,Away,33.7,31,0.92,22.8,27,1
2025,Milan,Home,30,30,1,18.6,16,1
2025,Monza,Home,16.2,13,0.8,25.1,31,1
2025,Monza,Away,13.5,15,1.11,30.1,38,1
2025,Napoli,Home,32.3,32,0.99,14.2,13,1
2025,Napoli,Away,20.8,27,1.3,15.3,14,1
2025,Parma,Away,17.5,19,1.09,29.3,30,1
2025,Parma,Home,25.5,25,0.98,27.4,28,1
2025,Roma,Home,27.7,37,1.34,18.4,15,1
2025,Roma,Away,25.2,19,0.75,22.7,20,1
2025,Torino,Away,16.8,22,1.31,25.2,27,1
2025,Torino,Home,17.9,17,0.95,24.8,18,1
2025,Udinese,Away,18.7,19,1.02,25.6,29,1
2025,Udinese,Home,19.7,22,1.12,27,27,1
2025,Venezia,Away,14.9,15,1.01,33.2,34,1
2025,Venezia,Home,20.9,17,0.81,24.4,22,1
